{
  "IcoMoonType": "selection",
  "icons": [
    {
      "icon": {
        "paths": [
          "M960 0h64v736c0 88.366-100.29 160-224 160s-224-71.634-224-160c0-88.368 100.29-160 224-160 62.684 0 119.342 18.4 160 48.040v-368.040l-512 113.778v494.222c0 88.366-100.288 160-224 160s-224-71.634-224-160c0-88.368 100.288-160 224-160 62.684 0 119.342 18.4 160 48.040v-624.040l576-128z"
        ],
        "tags": [
          "music",
          "song",
          "audio",
          "sound",
          "note"
        ],
        "defaultCode": 59665,
        "grid": 16,
        "attrs": []
      },
      "attrs": [],
      "properties": {
        "ligatures": "music, song",
        "name": "music",
        "order": 2,
        "id": 18,
        "prevSize": 32,
        "code": 59665
      },
      "setIdx": 0,
      "setId": 1,
      "iconIdx": 17
    }
  ],
  "height": 1024,
  "metadata": {
    "name": "icomoon"
  },
  "preferences": {
    "showGlyphs": true,
    "showQuickUse": true,
    "showQuickUse2": true,
    "showSVGs": true,
    "fontPref": {
      "prefix": "icon-",
      "metadata": {
        "fontFamily": "icomoon"
      },
      "metrics": {
        "emSize": 1024,
        "baseline": 6.25,
        "whitespace": 50
      },
      "embed": false
    },
    "imagePref": {
      "prefix": "icon-",
      "png": true,
      "useClassSelector": true,
      "color": 0,
      "bgColor": 16777215,
      "classSelector": ".icon"
    },
    "historySize": 50,
    "showCodes": true,
    "gridSize": 16
  }
}